{
  "gpt": {
    "model": "GPT",
    "total_questions": 39,
    "questions_answered": 39,
    "exact_matches": 0,
    "high_similarity": 35,
    "by_group": {
      "1": {
        "total": 10,
        "answered": 10,
        "exact_matches": 0,
        "high_similarity": 8,
        "similarities": [
          0.8,
          0.8,
          0.8,
          0.8,
          0.6000000000000001,
          0.8,
          0.8,
          0.6000000000000001,
          0.8,
          0.8
        ],
        "avg_similarity": 0.76
      },
      "2": {
        "total": 10,
        "answered": 10,
        "exact_matches": 0,
        "high_similarity": 10,
        "similarities": [
          0.8999999999999999,
          0.8999999999999999,
          0.8999999999999999,
          0.8,
          0.8999999999999999,
          0.8,
          0.8999999999999999,
          0.8,
          0.8999999999999999,
          0.8999999999999999
        ],
        "avg_similarity": 0.8699999999999999
      },
      "3": {
        "total": 10,
        "answered": 10,
        "exact_matches": 0,
        "high_similarity": 10,
        "similarities": [
          0.8,
          0.8,
          0.8999999999999999,
          0.8,
          0.8,
          0.8,
          0.8,
          0.8999999999999999,
          0.8,
          0.8
        ],
        "avg_similarity": 0.82
      },
      "4": {
        "total": 9,
        "answered": 9,
        "exact_matches": 0,
        "high_similarity": 7,
        "similarities": [
          0.8999999999999999,
          0.7,
          0.8999999999999999,
          0.8999999999999999,
          0.7,
          0.8999999999999999,
          0.8999999999999999,
          0.8,
          0.8
        ],
        "avg_similarity": 0.8333333333333334
      }
    },
    "missing_questions": [],
    "similarity_scores": [
      0.8,
      0.8,
      0.8,
      0.8,
      0.6000000000000001,
      0.8,
      0.8,
      0.6000000000000001,
      0.8,
      0.8,
      0.8999999999999999,
      0.8999999999999999,
      0.8999999999999999,
      0.8,
      0.8999999999999999,
      0.8,
      0.8999999999999999,
      0.8,
      0.8999999999999999,
      0.8999999999999999,
      0.8,
      0.8,
      0.8999999999999999,
      0.8,
      0.8,
      0.8,
      0.8,
      0.8999999999999999,
      0.8,
      0.8,
      0.8999999999999999,
      0.7,
      0.8999999999999999,
      0.8999999999999999,
      0.7,
      0.8999999999999999,
      0.8999999999999999,
      0.8,
      0.8
    ],
    "avg_similarity": 0.8205128205128205
  },
  "gemini": {
    "model": "Gemini",
    "total_questions": 39,
    "questions_answered": 39,
    "exact_matches": 0,
    "high_similarity": 35,
    "by_group": {
      "1": {
        "total": 10,
        "answered": 10,
        "exact_matches": 0,
        "high_similarity": 8,
        "similarities": [
          0.8,
          0.8,
          0.8,
          0.8,
          0.6000000000000001,
          0.8,
          0.8,
          0.6000000000000001,
          0.8,
          0.8
        ],
        "avg_similarity": 0.76
      },
      "2": {
        "total": 10,
        "answered": 10,
        "exact_matches": 0,
        "high_similarity": 10,
        "similarities": [
          0.8999999999999999,
          0.8999999999999999,
          0.8999999999999999,
          0.8,
          0.8999999999999999,
          0.8,
          0.8999999999999999,
          0.8,
          0.8999999999999999,
          0.8999999999999999
        ],
        "avg_similarity": 0.8699999999999999
      },
      "3": {
        "total": 10,
        "answered": 10,
        "exact_matches": 0,
        "high_similarity": 10,
        "similarities": [
          0.8,
          0.8,
          0.8999999999999999,
          0.8,
          0.8,
          0.8,
          0.8,
          0.8999999999999999,
          0.8,
          0.8
        ],
        "avg_similarity": 0.82
      },
      "4": {
        "total": 9,
        "answered": 9,
        "exact_matches": 0,
        "high_similarity": 7,
        "similarities": [
          0.8999999999999999,
          0.7,
          0.8999999999999999,
          0.8999999999999999,
          0.7,
          0.8999999999999999,
          0.8999999999999999,
          0.8,
          0.8
        ],
        "avg_similarity": 0.8333333333333334
      }
    },
    "missing_questions": [],
    "similarity_scores": [
      0.8,
      0.8,
      0.8,
      0.8,
      0.6000000000000001,
      0.8,
      0.8,
      0.6000000000000001,
      0.8,
      0.8,
      0.8999999999999999,
      0.8999999999999999,
      0.8999999999999999,
      0.8,
      0.8999999999999999,
      0.8,
      0.8999999999999999,
      0.8,
      0.8999999999999999,
      0.8999999999999999,
      0.8,
      0.8,
      0.8999999999999999,
      0.8,
      0.8,
      0.8,
      0.8,
      0.8999999999999999,
      0.8,
      0.8,
      0.8999999999999999,
      0.7,
      0.8999999999999999,
      0.8999999999999999,
      0.7,
      0.8999999999999999,
      0.8999999999999999,
      0.8,
      0.8
    ],
    "avg_similarity": 0.8205128205128205
  },
  "claude": {
    "model": "Claude",
    "total_questions": 39,
    "questions_answered": 39,
    "exact_matches": 0,
    "high_similarity": 32,
    "by_group": {
      "1": {
        "total": 10,
        "answered": 10,
        "exact_matches": 0,
        "high_similarity": 8,
        "similarities": [
          0.8,
          0.8,
          0.8,
          0.8,
          0.6000000000000001,
          0.8,
          0.8,
          0.6000000000000001,
          0.8,
          0.8
        ],
        "avg_similarity": 0.76
      },
      "2": {
        "total": 10,
        "answered": 10,
        "exact_matches": 0,
        "high_similarity": 7,
        "similarities": [
          0.7,
          0.8999999999999999,
          0.7,
          0.8,
          0.8999999999999999,
          0.8,
          0.7,
          0.8,
          0.8999999999999999,
          0.8999999999999999
        ],
        "avg_similarity": 0.8099999999999999
      },
      "3": {
        "total": 10,
        "answered": 10,
        "exact_matches": 0,
        "high_similarity": 10,
        "similarities": [
          0.8,
          0.8,
          0.8999999999999999,
          0.8,
          0.8,
          0.8,
          0.8,
          0.8999999999999999,
          0.8,
          0.8
        ],
        "avg_similarity": 0.82
      },
      "4": {
        "total": 9,
        "answered": 9,
        "exact_matches": 0,
        "high_similarity": 7,
        "similarities": [
          0.8999999999999999,
          0.7,
          0.8999999999999999,
          0.8999999999999999,
          0.7,
          0.8999999999999999,
          0.8999999999999999,
          0.8,
          0.8
        ],
        "avg_similarity": 0.8333333333333334
      }
    },
    "missing_questions": [],
    "similarity_scores": [
      0.8,
      0.8,
      0.8,
      0.8,
      0.6000000000000001,
      0.8,
      0.8,
      0.6000000000000001,
      0.8,
      0.8,
      0.7,
      0.8999999999999999,
      0.7,
      0.8,
      0.8999999999999999,
      0.8,
      0.7,
      0.8,
      0.8999999999999999,
      0.8999999999999999,
      0.8,
      0.8,
      0.8999999999999999,
      0.8,
      0.8,
      0.8,
      0.8,
      0.8999999999999999,
      0.8,
      0.8,
      0.8999999999999999,
      0.7,
      0.8999999999999999,
      0.8999999999999999,
      0.7,
      0.8999999999999999,
      0.8999999999999999,
      0.8,
      0.8
    ],
    "avg_similarity": 0.805128205128205
  }
}